id,name,courseState,section
826406238093,6-А індивідуальне,ACTIVE,Українська мова
877927511493,3-А,ACTIVE,Екстернат
877849531298,7,ACTIVE,
877577658399,Охремова Ірина,ACTIVE,"Інтегрований курс ""Географія - Пізнаємо природу"""
871402899495,01. 1-В клас. Англійська мова,ACTIVE,Початкова школа
871398631604,"05. 5-Г клас. Здоров'я, безпека та добробут",ACTIVE,Середня школа
871399331050,"05. 5-В клас. Здоров'я, безпека та добробут",ACTIVE,Середня школа
871398781345,"05. 5-Б клас. Здоров'я, безпека та добробут",ACTIVE,Середня школа
867792325184,11. 11-Б клас. Основи християнської етики (2026-2027),ACTIVE,
867776443513,11. 11-Б клас. Фізична культура (2026-2027),ACTIVE,
867791530436,11. 11-Б клас. Технології (2026-2027),ACTIVE,
867792512225,11. 11-Б клас. Захист України (2026-2027),ACTIVE,
867792466333,11. 11-Б клас. Мистецтво (2026-2027),ACTIVE,
867791354337,11. 11-Б клас. Хімія (2026-2027),ACTIVE,
867787422615,11. 11-Б клас. Інформатика (2026-2027),ACTIVE,
867786158258,11. 11-Б клас. Фізика і астрономія (2026-2027),ACTIVE,
867792390116,11. 11-Б клас. Географія (2026-2027),ACTIVE,
867789515128,11. 11-Б клас. Біологія і екологія (2026-2027),ACTIVE,
867791538027,11. 11-Б клас. Геометрія (2026-2027),ACTIVE,
867791303619,11. 11-Б клас. Алгебра і початки аналізу (2026-2027),ACTIVE,
867790497516,11. 11-Б клас. Всесвітня історія (2026-2027),ACTIVE,
867792694890,11. 11-Б клас. Історія України (2026-2027),ACTIVE,
867792329764,11. 11-Б клас. Друга іноземна мова (Німецька) (2026-2027),ACTIVE,
867792218267,11. 11-Б клас. Зарубіжна література (2026-2027),ACTIVE,
867792397764,11. 11-Б клас. Англійська мова (2026-2027),ACTIVE,
867791909915,11. 11-Б клас. Українська література (2026-2027),ACTIVE,
867792025334,11. 11-Б клас. Українська мова (2026-2027),ACTIVE,
867787301544,11. 11-А клас. Основи християнської етики (2026-2027),ACTIVE,
867791624784,11. 11-А клас. Захист України (2026-2027),ACTIVE,
867792445913,11. 11-А клас. Технології (2026-2027),ACTIVE,
867782037931,11. 11-А клас. Фізична культура (2026-2027),ACTIVE,
867791302502,11. 11-А клас. Мистецтво (2026-2027),ACTIVE,
867792998373,11. 11-А клас. Хімія (2026-2027),ACTIVE,
867792280805,11. 11-А клас. Інформатика (2026-2027),ACTIVE,
867792294551,11. 11-А клас. Фізика і астрономія (2026-2027),ACTIVE,
798183908153,11. 11-А клас. Географія (2026-2027),ACTIVE,
867792832358,11. 11-А клас. Біологія і екологія (2026-2027),ACTIVE,
867792707565,11. 11-А клас. Всесвітня історія (2026-2027),ACTIVE,
867791719550,11. 11-А клас. Історія України (2026-2027),ACTIVE,
867791520651,11. 11-А клас. Алгебра і початки аналізу (2026-2027),ACTIVE,
867792293789,11. 11-А клас. Геометрія (2026-2027),ACTIVE,
867792241222,11. 11-А клас. Друга іноземна мова (Німецька) (2026-2027),ACTIVE,
867792392529,11. 11-А клас. Зарубіжна література (2026-2027),ACTIVE,
867790850960,11. 11-А клас. Українська література (2026-2027),ACTIVE,
867792694872,11. 11-А клас. Англійська мова (2026-2027),ACTIVE,
855108993330,11. 11-А клас. Українська мова (2026-2027),ACTIVE,
867788491430,10. 10-Б клас. Основи християнської етики (2026-2027),ACTIVE,
867787356263,10. 10-Б клас. Фізична культура (2026-2027),ACTIVE,
798183738162,10. 10-Б клас. Технології (2026-2027),ACTIVE,
867791525815,10. 10-Б клас. Захист України (2026-2027),ACTIVE,
867790940760,10. 10-Б клас. Мистецтво (2026-2027),ACTIVE,
867791878062,10. 10-Б клас. Інформатика (2026-2027),ACTIVE,
867791896554,10. 10-Б клас. Фізика і астрономія (2026-2027),ACTIVE,
867791868755,10. 10-Б клас. Хімія (2026-2027),ACTIVE,
867791238867,10. 10-Б клас. Географія (2026-2027),ACTIVE,
867790932150,10. 10-Б клас. Біологія і екологія (2026-2027),ACTIVE,
867791515699,10. 10-Б клас. Геометрія (2026-2027),ACTIVE,
867786558104,10. 10-Б клас. Всесвітня історія (2026-2027),ACTIVE,
867791699335,10. 10-Б клас. Громадянська освіта (2026-2027),ACTIVE,
855107124035,10. 10-Б клас. Алгебра і початки аналізу (2026-2027),ACTIVE,
867791639748,10. 10-Б клас. Історія України (2026-2027),ACTIVE,
867791474986,10. 10-Б клас. Друга іноземна мова (Німецька) (2026-2027),ACTIVE,
855108478485,10. 10-Б клас. Англійська мова (2026-2027),ACTIVE,
855108481032,10. 10-Б клас. Зарубіжна література (2026-2027),ACTIVE,
867790761171,10. 10-Б клас. Українська мова (2026-2027),ACTIVE,
867790687363,10. 10-Б клас. Українська література (2026-2027),ACTIVE,
867791106811,10. 10-А клас. Основи християнської етики (2026-2027),ACTIVE,
867791266939,10. 10-А клас. Фізична культура (2026-2027),ACTIVE,
867791081197,10. 10-А клас. Захист України (2026-2027),ACTIVE,
867791089003,10. 10-А клас. Мистецтво (2026-2027),ACTIVE,
867791528421,10. 10-А клас. Технології (2026-2027),ACTIVE,
867790621903,10. 10-А клас. Інформатика (2026-2027),ACTIVE,
867791095498,10. 10-А клас. Фізика і астрономія (2026-2027),ACTIVE,
798183670601,10. 10-А клас. Біологія і екологія (2026-2027),ACTIVE,
867791919424,10. 10-А клас. Географія (2026-2027),ACTIVE,
867791829313,10. 10-А клас. Хімія (2026-2027),ACTIVE,
867791691567,10. 10-А клас. Геометрія (2026-2027),ACTIVE,
867791766992,10. 10-А клас. Громадянська освіта (2026-2027),ACTIVE,
867788420133,10. 10-А клас. Всесвітня історія (2026-2027),ACTIVE,
867790815457,10. 10-А клас. Алгебра і початки аналізу (2026-2027),ACTIVE,
855108187955,10. 10-А клас. Історія України (2026-2027),ACTIVE,
867792030673,10. 10-А клас. Зарубіжна література (2026-2027),ACTIVE,
867780430734,10. 10-А клас. Українська мова (2026-2027),ACTIVE,
867791165939,10. 10-А клас. Українська література (2026-2027),ACTIVE,
798183844970,10. 10-А клас. Англійська мова (2026-2027),ACTIVE,
867791100584,10. 10-А клас. Друга іноземна мова (Німецька) (2026-2027),ACTIVE,
867776937557,10. 10 клас. Екстернат (2026-2027),ACTIVE,
867789158503,11. 11 клас. Екстернат (2026-2027),ACTIVE,
867782160104,09. 9-Г клас. Фізична культура (2026-2027),ACTIVE,
867785655043,09. 9-Г клас. Основи християнської етики (2026-2027),ACTIVE,
867786686257,09. 9-Г клас. Здоров'я безпека та добробут (2026-2027),ACTIVE,
867785809092,09. 9-Г клас. Технології (2026-2027),ACTIVE,
867787075409,09. 9-Г клас. Мистецтво (2026-2027),ACTIVE,
867786926822,09. 9-Г клас. Інформатика (2026-2027),ACTIVE,
867786590550,09. 9-Г клас. Фізика (2026-2027),ACTIVE,
867786213276,09. 9-Г клас. Географія (2026-2027),ACTIVE,
867787145512,09. 9-Г клас. Хімія (2026-2027),ACTIVE,
867786993926,09. 9-Г клас. Біологія (2026-2027),ACTIVE,
867785963184,09. 9-Г клас. Геометрія (2026-2027),ACTIVE,
867786306662,09. 9-Г клас. Алгебра (2026-2027),ACTIVE,
867785936205,09. 9-Г клас. Всесвітня історія (2026-2027),ACTIVE,
867777141608,09. 9-Г клас. Основи правознавства (2026-2027),ACTIVE,
867786853992,09. 9-Г клас. Історія України (2026-2027),ACTIVE,
867787201201,09. 9-Г клас. Друга іноземна мова (Німецька) (2026-2027),ACTIVE,
867787487737,09. 9-Г клас. Англійська мова (2026-2027),ACTIVE,
867786775622,09. 9-Г клас. Українська мова (2026-2027),ACTIVE,
867786374553,09. 9-Г клас. Українська література (2026-2027),ACTIVE,
867785784611,09. 9-Г клас. Зарубіжна література (2026-2027),ACTIVE,
867787101828,09. 9-В клас. Основи християнської етики (2026-2027),ACTIVE,
867782160083,09. 9-В клас. Фізична культура (2026-2027),ACTIVE,
867787509567,09. 9-В клас. Здоров'я безпека та добробут (2026-2027),ACTIVE,
867787323494,09. 9-В клас. Технології (2026-2027),ACTIVE,
867786249893,09. 9-В клас. Мистецтво (2026-2027),ACTIVE,
867786788433,09. 9-В клас. Інформатика (2026-2027),ACTIVE,
867787176480,09. 9-В клас. Хімія (2026-2027),ACTIVE,
867786375734,09. 9-В клас. Фізика (2026-2027),ACTIVE,
867784872034,09. 9-В клас. Біологія (2026-2027),ACTIVE,
867786828855,09. 9-В клас. Географія (2026-2027),ACTIVE,
867786086158,09. 9-В клас. Геометрія (2026-2027),ACTIVE,
867786289446,09. 9-В клас. Алгебра (2026-2027),ACTIVE,
867787227627,09. 9-В клас. Основи правознавства (2026-2027),ACTIVE,
867787104336,09. 9-В клас. Історія України (2026-2027),ACTIVE,
798182730924,09. 9-В клас. Всесвітня історія (2026-2027),ACTIVE,
867786244043,09. 9-В клас. Друга іноземна мова (Німецька) (2026-2027),ACTIVE,
867787083726,09. 9-В клас. Англійська мова (2026-2027),ACTIVE,
867783488698,09. 9-В клас. Зарубіжна література (2026-2027),ACTIVE,
867786997803,09. 9-В клас. Українська мова (2026-2027),ACTIVE,
867786895917,09. 9-В клас. Українська література (2026-2027),ACTIVE,
867787178745,09. 9-Б клас. Основи християнської етики (2026-2027),ACTIVE,
867786496575,09. 9-Б клас. Фізична культура (2026-2027),ACTIVE,
867786000656,09. 9-Б клас. Технології (2026-2027),ACTIVE,
867785486255,09. 9-Б клас. Мистецтво (2026-2027),ACTIVE,
867786786402,09. 9-Б клас. Здоров'я безпека та добробут (2026-2027),ACTIVE,
867787578814,09. 9-Б клас. Хімія (2026-2027),ACTIVE,
867786773337,09. 9-Б клас. Інформатика (2026-2027),ACTIVE,
867785721891,09. 9-Б клас. Фізика (2026-2027),ACTIVE,
867776422164,09. 9-Б клас. Біологія (2026-2027),ACTIVE,
798182757897,09. 9-Б клас. Географія (2026-2027),ACTIVE,
867786358395,09. 9-Б клас. Геометрія (2026-2027),ACTIVE,
867787218389,09. 9-Б клас. Алгебра (2026-2027),ACTIVE,
867786283682,09. 9-Б клас. Всесвітня історія (2026-2027),ACTIVE,
867786884316,09. 9-Б клас. Історія України (2026-2027),ACTIVE,
867786418185,09. 9-Б клас. Основи правознавства (2026-2027),ACTIVE,
867778951804,09. 9-Б клас. Друга іноземна мова (Німецька) (2026-2027),ACTIVE,
867787078413,09. 9-Б клас. Українська література (2026-2027),ACTIVE,
867787238281,09. 9-Б клас. Зарубіжна література (2026-2027),ACTIVE,
867786392178,09. 9-Б клас. Англійська мова (2026-2027),ACTIVE,
867786590511,09. 9-Б клас. Українська мова (2026-2027),ACTIVE,
867786003267,09. 9-А клас. Фізична культура (2026-2027),ACTIVE,
867787200754,09. 9-А клас. Основи християнської етики (2026-2027),ACTIVE,
867785609614,09. 9-А клас. Здоров'я безпека та добробут (2026-2027),ACTIVE,
867783897968,09. 9-А клас. Технології (2026-2027),ACTIVE,
867786626279,09. 9-А клас. Мистецтво (2026-2027),ACTIVE,
867786796019,09. 9-А клас. Інформатика (2026-2027),ACTIVE,
867786849851,09. 9-А клас. Хімія (2026-2027),ACTIVE,
867786686999,09. 9-А клас. Біологія (2026-2027),ACTIVE,
867787010260,09. 9-А клас. Фізика (2026-2027),ACTIVE,
867785549520,09. 9-А клас. Географія (2026-2027),ACTIVE,
867786318073,09. 9-А клас. Всесвітня історія (2026-2027),ACTIVE,
867786632646,09. 9-А клас. Історія України (2026-2027),ACTIVE,
867786784658,09. 9-А клас. Алгебра (2026-2027),ACTIVE,
867786492937,09. 9-А клас. Основи правознавства (2026-2027),ACTIVE,
867786468876,09. 9-А клас. Геометрія (2026-2027),ACTIVE,
798182761202,09. 9-А клас. Українська мова (2026-2027),ACTIVE,
867781819138,09. 9-А клас. Українська література (2026-2027),ACTIVE,
867787147226,09. 9-А клас. Друга іноземна мова (Німецька) (2026-2027),ACTIVE,
867786127462,09. 9-А клас. Англійська мова (2026-2027),ACTIVE,
867786402913,09. 9-А клас. Зарубіжна література (2026-2027),ACTIVE,
867785971111,09. 9 клас. Екстернат (2026-2027),ACTIVE,
867774223740,08. 8-Г клас. Основи християнської етики (2026-2027),ACTIVE,
867773305349,08. 8-Г клас. Фізична культура (2026-2027),ACTIVE,
867772181521,08. 8-Г клас. Здоров'я безпека та добробут (2026-2027),ACTIVE,
867774182736,08. 8-Г клас. Технології (2026-2027),ACTIVE,
867774122525,08. 8-Г клас. Мистецтво (2026-2027),ACTIVE,
867773924931,08. 8-Г клас. Інформатика (2026-2027),ACTIVE,
867771594798,08. 8-Г клас. Хімія (2026-2027),ACTIVE,
867773940405,08. 8-Г клас. Фізика (2026-2027),ACTIVE,
867774483586,08. 8-Г клас. Географія (2026-2027),ACTIVE,
855102311558,08. 8-Г клас. Біологія (2026-2027),ACTIVE,
867773139942,08. 8-Г клас. Алгебра (2026-2027),ACTIVE,
867773944734,08. 8-Г клас. Геометрія (2026-2027),ACTIVE,
867774054220,08. 8-Г клас. Всесвітня історія (2026-2027),ACTIVE,
867773065413,08. 8-Г клас. Друга іноземна мова (Німецька) (2026-2027),ACTIVE,
855102447799,08. 8-Г клас. Історія України (2026-2027),ACTIVE,
867772127240,08. 8-Г клас. Англійська мова (2026-2027),ACTIVE,
867773975059,08. 8-Г клас. Зарубіжна література (2026-2027),ACTIVE,
867774302044,08. 8-Г клас. Українська література (2026-2027),ACTIVE,
867773633196,08. 8-Г клас. Українська мова (2026-2027),ACTIVE,
867774361523,08. 8-В клас. Здоров'я безпека та добробут (2026-2027),ACTIVE,
867774101037,08. 8-В клас. Основи християнської етики (2026-2027),ACTIVE,
867773856296,08. 8-В клас. Фізична культура (2026-2027),ACTIVE,
855102224542,08. 8-В клас. Технології (2026-2027),ACTIVE,
867774095517,08. 8-В клас. Мистецтво (2026-2027),ACTIVE,
867773792680,08. 8-В клас. Інформатика (2026-2027),ACTIVE,
867774137225,08. 8-В клас. Хімія (2026-2027),ACTIVE,
867773120448,08. 8-В клас. Фізика (2026-2027),ACTIVE,
867762876220,08. 8-В клас. Біологія (2026-2027),ACTIVE,
867773901538,08. 8-В клас. Географія (2026-2027),ACTIVE,
867774176939,08. 8-В клас. Алгебра (2026-2027),ACTIVE,
867772725310,08. 8-В клас. Геометрія (2026-2027),ACTIVE,
867769660591,08. 8-В клас. Історія України (2026-2027),ACTIVE,
867774030578,08. 8-В клас. Друга іноземна мова (Німецька) (2026-2027),ACTIVE,
867773979149,08. 8-В клас. Всесвітня історія (2026-2027),ACTIVE,
867774280674,08. 8-В клас. Англійська мова (2026-2027),ACTIVE,
867772403716,08. 8-В клас. Зарубіжна література (2026-2027),ACTIVE,
867773801949,08. 8-В клас. Українська мова (2026-2027),ACTIVE,
867774106412,08. 8-В клас. Українська література (2026-2027),ACTIVE,
867773278506,08. 8-Б клас. Основи християнської етики (2026-2027),ACTIVE,
867773988532,08. 8-Б клас. Здоров'я безпека та добробут (2026-2027),ACTIVE,
867774166476,08. 8-Б клас. Фізична культура (2026-2027),ACTIVE,
867774185813,08. 8-Б клас. Технології (2026-2027),ACTIVE,
867773948610,08. 8-Б клас. Мистецтво (2026-2027),ACTIVE,
867773579251,08. 8-Б клас. Фізика (2026-2027),ACTIVE,
867773683352,08. 8-Б клас. Інформатика (2026-2027),ACTIVE,
867773980942,08. 8-Б клас. Хімія (2026-2027),ACTIVE,
867773751988,08. 8-Б клас. Географія (2026-2027),ACTIVE,
867774242927,08. 8-Б клас. Біологія (2026-2027),ACTIVE,
867764268251,08. 8-Б клас. Геометрія (2026-2027),ACTIVE,
867772282143,08. 8-Б клас. Алгебра (2026-2027),ACTIVE,
867773315325,08. 8-Б клас. Всесвітня історія (2026-2027),ACTIVE,
867773261198,08. 8-Б клас. Друга іноземна мова (Німецька) (2026-2027),ACTIVE,
867773742881,08. 8-Б клас. Англійська мова (2026-2027),ACTIVE,
867773366118,08. 8-Б клас. Історія України (2026-2027),ACTIVE,
867773160529,08. 8-Б клас. Українська література (2026-2027),ACTIVE,
867773585772,08. 8-Б клас. Зарубіжна література (2026-2027),ACTIVE,
867772849093,08. 8-Б клас. Українська мова (2026-2027),ACTIVE,
867772403705,08. 8-А клас. Основи християнської етики (2026-2027),ACTIVE,
867773945053,08. 8-А клас. Технології (2026-2027),ACTIVE,
867773696159,08. 8-А клас. Фізична культура (2026-2027),ACTIVE,
867773485997,08. 8-А клас. Здоров'я безпека та добробут (2026-2027),ACTIVE,
867773732275,08. 8-А клас. Фізика (2026-2027),ACTIVE,
867774011839,08. 8-А клас. Хімія (2026-2027),ACTIVE,
867773267059,08. 8-А клас. Мистецтво (2026-2027),ACTIVE,
867773937691,08. 8-А клас. Інформатика (2026-2027),ACTIVE,
867773661733,08. 8-А клас. Географія (2026-2027),ACTIVE,
867773833954,08. 8-А клас. Алгебра (2026-2027),ACTIVE,
867774191529,08. 8-А клас. Біологія (2026-2027),ACTIVE,
867773763500,08. 8-А клас. Історія України (2026-2027),ACTIVE,
867770411183,08. 8-А клас. Геометрія (2026-2027),ACTIVE,
867774045136,08. 8-А клас. Всесвітня історія (2026-2027),ACTIVE,
867773065393,08. 8-А клас. Англійська мова (2026-2027),ACTIVE,
867773510080,08. 8-А клас. Українська література (2026-2027),ACTIVE,
867772365413,08. 8-А клас. Українська мова (2026-2027),ACTIVE,
867773702884,08. 8-А клас. Друга іноземна мова (Німецька) (2026-2027),ACTIVE,
867766353367,08. 8-А клас. Зарубіжна література (2026-2027),ACTIVE,
867773165375,08. 8 клас. Екстернат (2026-2027),ACTIVE,
867772213059,07. 7-Г клас. Основи християнської етики (2026-2027),ACTIVE,
867772093943,07. 7-Г клас. Фізична культура (2026-2027),ACTIVE,
867771801761,07. 7-Г клас. Здоров'я безпека та добробут (2026-2027),ACTIVE,
867772530601,07. 7-Г клас. Технології (2026-2027),ACTIVE,
867772006510,07. 7-Г клас. Мистецтво (2026-2027),ACTIVE,
867772226483,07. 7-Г клас. Інформатика (2026-2027),ACTIVE,
867767778417,07. 7-Г клас. Біологія (2026-2027),ACTIVE,
867771932205,07. 7-Г клас. Хімія (2026-2027),ACTIVE,
867770643194,07. 7-Г клас. Географія (2026-2027),ACTIVE,
867771865038,07. 7-Г клас. Геометрія (2026-2027),ACTIVE,
867772032491,07. 7-Г клас. Фізика (2026-2027),ACTIVE,
867770765403,07. 7-Г клас. Англійська мова (2026-2027),ACTIVE,
867772037425,07. 7-Г клас. Друга іноземна мова (Німецька) (2026-2027),ACTIVE,
867772282508,07. 7-Г клас. Історія України (2026-2027),ACTIVE,
867761751478,07. 7-Г клас. Алгебра (2026-2027),ACTIVE,
867772300924,07. 7-Г клас. Всесвітня історія (2026-2027),ACTIVE,
867772195129,07. 7-В клас. Основи християнської етики (2026-2027),ACTIVE,
867772335332,07. 7-Г клас. Українська література (2026-2027),ACTIVE,
867771961556,07. 7-Г клас. Зарубіжна література (2026-2027),ACTIVE,
867772659527,07. 7-В клас. Фізична культура (2026-2027),ACTIVE,
867772478043,07. 7-Г клас. Українська мова (2026-2027),ACTIVE,
867772271550,07. 7-В клас. Здоров'я безпека та добробут (2026-2027),ACTIVE,
867772249767,07. 7-В клас. Технології (2026-2027),ACTIVE,
867770214307,07. 7-В клас. Мистецтво (2026-2027),ACTIVE,
867772520131,07. 7-В клас. Інформатика (2026-2027),ACTIVE,
867762293242,07. 7-В клас. Хімія (2026-2027),ACTIVE,
867772040803,07. 7-В клас. Фізика (2026-2027),ACTIVE,
867772443970,07. 7-В клас. Географія (2026-2027),ACTIVE,
867772282498,07. 7-В клас. Алгебра (2026-2027),ACTIVE,
867772474258,07. 7-В клас. Геометрія (2026-2027),ACTIVE,
867770532281,07. 7-В клас. Біологія (2026-2027),ACTIVE,
867772184112,07. 7-В клас. Всесвітня історія (2026-2027),ACTIVE,
867771747125,07. 7-В клас. Історія України (2026-2027),ACTIVE,
867771265637,07. 7-В клас. Друга іноземна мова (Німецька) (2026-2027),ACTIVE,
867772642609,07. 7-В клас. Зарубіжна література (2026-2027),ACTIVE,
867772270691,07. 7-В клас. Англійська мова (2026-2027),ACTIVE,
867771834445,07. 7-В клас. Українська література (2026-2027),ACTIVE,
867771800839,07. 7-Б клас. Фізична культура (2026-2027),ACTIVE,
867771654436,07. 7-Б клас. Основи християнської етики (2026-2027),ACTIVE,
867769655812,07. 7-В клас. Українська мова (2026-2027),ACTIVE,
867771470566,07. 7-Б клас. Здоров'я безпека та добробут (2026-2027),ACTIVE,
867771078806,07. 7-Б клас. Мистецтво (2026-2027),ACTIVE,
867772180108,07. 7-Б клас. Технології (2026-2027),ACTIVE,
867772317982,07. 7-Б клас. Інформатика (2026-2027),ACTIVE,
867771860554,07. 7-Б клас. Хімія (2026-2027),ACTIVE,
867771913607,07. 7-Б клас. Фізика (2026-2027),ACTIVE,
867772389535,07. 7-Б клас. Всесвітня історія (2026-2027),ACTIVE,
867768967194,07. 7-Б клас. Геометрія (2026-2027),ACTIVE,
867772375837,07. 7-Б клас. Алгебра (2026-2027),ACTIVE,
867770234674,07. 7-Б клас. Біологія (2026-2027),ACTIVE,
867771022512,07. 7-Б клас. Географія (2026-2027),ACTIVE,
867770967420,07. 7-Б клас. Друга іноземна мова (Німецька) (2026-2027),ACTIVE,
867770573684,07. 7-Б клас. Історія України (2026-2027),ACTIVE,
867772300908,07. 7-Б клас. Англійська мова (2026-2027),ACTIVE,
798179972721,07. 7-Б клас. Зарубіжна література (2026-2027),ACTIVE,
867771996617,07. 7-Б клас. Українська література (2026-2027),ACTIVE,
867772395274,07. 7-Б клас. Українська мова (2026-2027),ACTIVE,
867772249264,07. 7-А клас. Основи християнської етики (2026-2027),ACTIVE,
867772322007,07. 7-А клас. Здоров'я безпека та добробут (2026-2027),ACTIVE,
867771845048,07. 7-А клас. Фізична культура (2026-2027),ACTIVE,
867772226880,07. 7-А клас. Технології (2026-2027),ACTIVE,
867771941933,07. 7-А клас. Фізика (2026-2027),ACTIVE,
867772250945,07. 7-А клас. Мистецтво (2026-2027),ACTIVE,
867771778996,07. 7-А клас. Хімія (2026-2027),ACTIVE,
867772359839,07. 7-А клас. Інформатика (2026-2027),ACTIVE,
867771237384,07. 7-А клас. Географія (2026-2027),ACTIVE,
867765734795,07. 7-А клас. Геометрія (2026-2027),ACTIVE,
867771696994,07. 7-А клас. Біологія (2026-2027),ACTIVE,
867771753776,07. 7-А клас. Всесвітня історія (2026-2027),ACTIVE,
867772416483,07. 7-А клас. Історія України (2026-2027),ACTIVE,
867772691200,07. 7-А клас. Алгебра (2026-2027),ACTIVE,
867772479478,07. 7-А клас. Англійська мова (2026-2027),ACTIVE,
867772051115,07. 7-А клас. Українська література (2026-2027),ACTIVE,
867754393159,07. 7-А клас. Зарубіжна література (2026-2027),ACTIVE,
798180293763,07. 7-А клас. Друга іноземна мова (Німецька) (2026-2027),ACTIVE,
867772402658,07. 7-А клас. Українська мова (2026-2027),ACTIVE,
867772427865,07. 7 клас. Екстернат (2026-2027),ACTIVE,
867762797896,06. 6-Г клас. Математика (2026-2027),ACTIVE,
867763366407,06. 6-Г клас. Українська мова (2026-2027),ACTIVE,
867763715491,06. 6-Г клас. Англійська мова (Гр. 2) (2026-2027),ACTIVE,
798178933434,06. 6-Г клас. Англійська мова (Гр. 1) (2026-2027),ACTIVE,
867762116767,06. 6-Г клас. Українська література (2026-2027),ACTIVE,
867762729989,06. 6-Г клас. Історія України. Всесвітня історія (2026-2027),ACTIVE,
867762999863,06. 6-Г клас. Географія (2026-2027),ACTIVE,
867763686035,06. 6-Г клас. Зарубіжна література (2026-2027),ACTIVE,
867763210300,06. 6-Г клас. Пізнаємо природу (2026-2027),ACTIVE,
867763725434,06. 6-Г клас. Інформатика (Гр. 1) (2026-2027),ACTIVE,
867762791806,06. 6-Г клас. Технології (Трудове) (Гр. 1) (2026-2027),ACTIVE,
867763359013,06. 6-Г клас. Інформатика (Гр. 2) (2026-2027),ACTIVE,
867741511686,06. 6-Г клас. Физична культура (2026-2027),ACTIVE,
867763399459,06. 6-Г клас. Технології (Трудове) (Гр. 2) (2026-2027),ACTIVE,
867763357503,06. 6-Г клас. Мистецтво (2026-2027),ACTIVE,
867763748582,06. 6-Г клас. Друга мова (Польська) (Гр. 1) (2026-2027),ACTIVE,
867763215828,06. 6-Г клас. Логіка (2026-2027),ACTIVE,
867762079910,06. 6-Г клас. Друга мова (Польська) (Гр. 2) (2026-2027),ACTIVE,
867762936779,06. 6-Г клас. Основи християнської етики (2026-2027),ACTIVE,
798179020268,06. 6-В клас. Математика (2026-2027),ACTIVE,
867760860680,06. 6-В клас. Українська мова (2026-2027),ACTIVE,
867763730143,06. 6-В клас. Англійська мова (Гр. 2) (2026-2027),ACTIVE,
867762429077,06. 6-В клас. Англійська мова (Гр. 1) (2026-2027),ACTIVE,
867763038604,06. 6-В клас. Українська література (2026-2027),ACTIVE,
867763072279,06. 6-В клас. Історія України. Всесвітня історія (2026-2027),ACTIVE,
867762902234,06. 6-В клас. Географія (2026-2027),ACTIVE,
867762495288,06. 6-В клас. Зарубіжна література (2026-2027),ACTIVE,
867763047529,06. 6-В клас. Пізнаємо природу (2026-2027),ACTIVE,
798179101024,06. 6-В клас. Інформатика (Гр. 1) (2026-2027),ACTIVE,
867763521859,06. 6-В клас. Технології (Трудове) (Гр. 1) (2026-2027),ACTIVE,
798179110978,06. 6-В клас. Інформатика (Гр. 2) (2026-2027),ACTIVE,
867762898271,06. 6-В клас. Физична культура (2026-2027),ACTIVE,
867763692659,06. 6-В клас. Технології (Трудове) (Гр. 2) (2026-2027),ACTIVE,
867762797851,06. 6-В клас. Мистецтво (2026-2027),ACTIVE,
867763314845,06. 6-В клас. Друга мова (Польська) (Гр. 1) (2026-2027),ACTIVE,
867762614695,06. 6-В клас. Логіка (2026-2027),ACTIVE,
867763212206,06. 6-В клас. Друга мова (Польська) (Гр. 2) (2026-2027),ACTIVE,
867763549591,06. 6-В клас. Основи християнської етики (2026-2027),ACTIVE,
867763058851,06. 6-Б клас. Математика (2026-2027),ACTIVE,
867763645074,06. 6-Б клас. Українська мова (2026-2027),ACTIVE,
798179126950,06. 6-Б клас. Англійська мова (Гр. 2) (2026-2027),ACTIVE,
867763811471,06. 6-Б клас. Англійська мова (Гр. 1) (2026-2027),ACTIVE,
867763065545,06. 6-Б клас. Українська література (2026-2027),ACTIVE,
867761949865,06. 6-Б клас. Історія України. Всесвітня історія (2026-2027),ACTIVE,
867763619384,06. 6-Б клас. Географія (2026-2027),ACTIVE,
867763175510,06. 6-Б клас. Зарубіжна література (2026-2027),ACTIVE,
867759717100,06. 6-Б клас. Пізнаємо природу (2026-2027),ACTIVE,
867761765359,06. 6-Б клас. Інформатика (Гр. 1) (2026-2027),ACTIVE,
867762809146,06. 6-Б клас. Технології (Трудове) (Гр. 1) (2026-2027),ACTIVE,
867761126257,06. 6-Б клас. Інформатика (Гр. 2) (2026-2027),ACTIVE,
867763327529,06. 6-Б клас. Физична культура (2026-2027),ACTIVE,
867763149978,06. 6-Б клас. Технології (Трудове) (Гр. 2) (2026-2027),ACTIVE,
867763542454,06. 6-Б клас. Мистецтво (2026-2027),ACTIVE,
867763132533,06. 6-Б клас. Друга мова (Польська) (Гр. 1) (2026-2027),ACTIVE,
867762903270,06. 6-Б клас. Логіка (2026-2027),ACTIVE,
867763322965,06. 6-Б клас. Друга мова (Польська) (Гр. 2) (2026-2027),ACTIVE,
867763464421,06. 6-Б клас. Основи християнської етики (2026-2027),ACTIVE,
867762012697,05. 5-Г клас. Основи християнської етики (2026-2027),ACTIVE,
867761841028,05. 5-Г клас. Друга мова (Польська) (Гр. 1) (2026-2027),ACTIVE,
867760844708,05. 5-Г клас. Фізична культура (2026-2027),ACTIVE,
867760962116,05. 5-Г клас. Друга мова (Польська) (Гр. 2) (2026-2027),ACTIVE,
867754884409,05. 5-Г клас. Логіка (2026-2027),ACTIVE,
867746134712,05. 5-Г клас. Мистецтво (2026-2027),ACTIVE,
867761437122,05. 5-Г клас. Технології (Трудове) (Гр. 2) (2026-2027),ACTIVE,
867760858967,05. 5-Г клас. Інформатика (Гр. 1) (2026-2027),ACTIVE,
867761798952,05. 5-Г клас. Інформатика (Гр. 2) (2026-2027),ACTIVE,
867761895101,05. 5-Г клас. Технології (Трудове) (Гр. 1) (2026-2027),ACTIVE,
867761244876,05. 5-Г клас. Англійська мова (Гр. 1) (2026-2027),ACTIVE,
867759759596,05. 5-Г клас. Англійська мова (Гр. 2) (2026-2027),ACTIVE,
867761958547,05. 5-Г клас. Математика (2026-2027),ACTIVE,
867760719468,05. 5-Г клас. Пізнаємо природу (2026-2027),ACTIVE,
867759412747,05. 5-Г клас. Вступ до історії України (2026-2027),ACTIVE,
867761545710,05. 5-Г клас. Зарубіжна література (2026-2027),ACTIVE,
798178751900,05. 5-Г клас. Українська література (2026-2027),ACTIVE,
867760909568,05. 5-Г клас. Українська мова (2026-2027),ACTIVE,
867761800852,05. 5-В клас. Основи християнської етики (2026-2027),ACTIVE,
867759714687,05. 5-В клас. Друга мова (Польська) (Гр. 1) (2026-2027),ACTIVE,
867761804871,05. 5-В клас. Фізична культура (2026-2027),ACTIVE,
867746491896,05. 5-В клас. Друга мова (Польська) (Гр. 2) (2026-2027),ACTIVE,
867760029722,05. 5-В клас. Логіка (2026-2027),ACTIVE,
867761865129,05. 5-В клас. Мистецтво (2026-2027),ACTIVE,
867761272864,05. 5-В клас. Технології (Трудове) (Гр. 2) (2026-2027),ACTIVE,
867761549693,05. 5-В клас. Інформатика (Гр. 1) (2026-2027),ACTIVE,
867761707653,05. 5-В клас. Інформатика (Гр. 2) (2026-2027),ACTIVE,
867759560500,05. 5-В клас. Технології (Трудове) (Гр. 1) (2026-2027),ACTIVE,
798178745507,05. 5-В клас. Англійська мова (Гр. 1) (2026-2027),ACTIVE,
867761298427,05. 5-В клас. Англійська мова (Гр. 2) (2026-2027),ACTIVE,
867760997113,05. 5-В клас. Математика (2026-2027),ACTIVE,
867762075664,05. 5-В клас. Пізнаємо природу (2026-2027),ACTIVE,
867761577542,05. 5-В клас. Вступ до історії України (2026-2027),ACTIVE,
867761812408,05. 5-В клас. Зарубіжна література (2026-2027),ACTIVE,
867761220080,05. 5-В клас. Українська література (2026-2027),ACTIVE,
867761493611,05. 5-В клас. Українська мова (2026-2027),ACTIVE,
867400251453,05. 5-Б клас. Українська мова (2026-2027),ACTIVE,Середня школа
867399032607,05. 5-Б клас. Українська література (2026-2027),ACTIVE,Середня школа
867399197602,05. 5-Б клас. Зарубіжна література (2026-2027),ACTIVE,Середня школа
867400128322,05. 5-Б клас. Вступ до історії України (2026-2027),ACTIVE,Середня школа
867399599207,05. 5-Б клас. Пізнаємо природу (2026-2027),ACTIVE,Середня школа
867400215541,05. 5-Б клас. Математика (2026-2027),ACTIVE,Середня школа
867399230602,05. 5-Б клас. Англійська мова (Гр. 2) (2026-2027),ACTIVE,Середня школа
867398475040,05. 5-Б клас. Англійська мова (Гр. 1) (2026-2027),ACTIVE,Середня школа
867400141148,05. 5-Б клас. Технології (Трудове) (Гр. 1) (2026-2027),ACTIVE,Середня школа
867388482526,05. 5-Б клас. Інформатика (Гр. 2) (2026-2027),ACTIVE,Середня школа
867400270244,05. 5-Б клас. Інформатика (Гр. 1) (2026-2027),ACTIVE,Середня школа
867379495561,05. 5-Б клас. Технології (Трудове) (Гр. 2) (2026-2027),ACTIVE,Середня школа
867400169428,05. 5-Б клас. Мистецтво (2026-2027),ACTIVE,Середня школа
867399627744,05. 5-Б клас. Логіка (2026-2027),ACTIVE,Середня школа • Спецкурс
867383686133,05. 5-Б клас. Друга мова (Польська) (Гр. 2) (2026-2027),ACTIVE,Середня школа • Спецкурс
867398475024,05. 5-Б клас. Фізична культура (2026-2027),ACTIVE,Середня школа
867398994904,05. 5-Б клас. Друга мова (Польська) (Гр. 1) (2026-2027),ACTIVE,Середня школа • Спецкурс
867399024932,05. 5-Б клас. Основи християнської етики (2026-2027),ACTIVE,Середня школа • Спецкурс
867395165268,06. 6-А клас. Основи християнської етики (2026-2027),ACTIVE,Середня школа • Спецкурс
867395279463,06. 6-А клас. Друга мова (Польська) (Гр. 2) (2026-2027),ACTIVE,Середня школа • Спецкурс
867394993183,06. 6-А клас. Логіка (2026-2027),ACTIVE,Середня школа • Спецкурс
867394748201,06. 6 клас. Екстернат (2026-2027),ACTIVE,Екстернат
867395053468,06. 6-А клас. Друга мова (Польська) (Гр. 1) (2026-2027),ACTIVE,Середня школа • Спецкурс
819800251319,06. 6-А клас. Мистецтво (2026-2027),ACTIVE,Середня школа
867395140414,06. 6-А клас. Технології (Трудове) (Гр. 2) (2026-2027),ACTIVE,Середня школа
867395381673,06. 6-А клас. Физична культура (2026-2027),ACTIVE,Середня школа
867395307820,06. 6-А клас. Інформатика (Гр. 2) (2026-2027),ACTIVE,Середня школа
867394089843,06. 6-А клас. Технології (Трудове) (Гр. 1) (2026-2027),ACTIVE,Середня школа
867394913143,06. 6-А клас. Інформатика (Гр. 1) (2026-2027),ACTIVE,Середня школа
867395102557,06. 6-А клас. Пізнаємо природу (2026-2027),ACTIVE,Середня школа
867394773486,06. 6-А клас. Зарубіжна література (2026-2027),ACTIVE,Середня школа
819800136252,06. 6-А клас. Географія (2026-2027),ACTIVE,Середня школа
867395408010,06. 6-А клас. Історія України. Всесвітня історія (2026-2027),ACTIVE,Середня школа
867395041278,06. 6-А клас. Українська література (2026-2027),ACTIVE,Середня школа
867395139915,06. 6-А клас. Англійська мова (Гр. 1) (2026-2027),ACTIVE,Середня школа
867394252832,06. 6-А клас. Англійська мова (Гр. 2) (2026-2027),ACTIVE,Середня школа
867386203452,06. 6-А клас. Українська мова (2026-2027),ACTIVE,Середня школа
867395327327,06. 6-А клас. Математика (2026-2027),ACTIVE,Середня школа
867375751568,05. 5-А клас. Друга мова (Польська) (Гр. 2) (2026-2027),ACTIVE,Середня школа • Спецкурс
867378521134,05. 5-А клас. Друга мова (Польська) (Гр. 1) (2026-2027),ACTIVE,Середня школа • Спецкурс
867377234839,05. 5-А клас. Логіка (2026-2027),ACTIVE,Середня школа • Спецкурс
819798666398,05. 5-А клас. Основи християнської етики (2026-2027),ACTIVE,Середня школа • Спецкурс
867377628712,05. 5-А клас. Фізична культура (2026-2027),ACTIVE,Середня школа
819798674885,05. 5-А клас. Мистецтво (2026-2027),ACTIVE,Середня школа
867377886536,05. 5-А клас. Технології (Трудове) (Гр. 2) (2026-2027),ACTIVE,Середня школа
867378182563,05. 5-А клас. Технології (Трудове) (Гр. 1) (2026-2027),ACTIVE,Середня школа
867378084948,"05. 5-А клас. Здоров’я, безпека та добробут (2026-2027)",ACTIVE,Середня школа
867376872299,05. 5-А клас. Інформатика (Гр. 2) (2026-2027),ACTIVE,Середня школа
867374997744,05. 5-А клас. Інформатика (Гр. 1) (2026-2027),ACTIVE,Середня школа
867377294384,05. 5-А клас. Вступ до історії України (2026-2027),ACTIVE,Середня школа
867376763383,05. 5-А клас. Пізнаємо природу (2026-2027),ACTIVE,Середня школа
819798620903,05. 5-А клас. Математика (2026-2027),ACTIVE,Середня школа
867377773157,05. 5-А клас. Англійська мова (Гр. 2) (2026-2027),ACTIVE,Середня школа
819798717622,05. 5-А клас. Англійська мова (Гр. 1) (2026-2027),ACTIVE,Середня школа
867377831999,05. 5-А клас. Зарубіжна література (2026-2027),ACTIVE,Середня школа
867377185388,05. 5-А клас. Українська література (2026-2027),ACTIVE,Середня школа
867376323037,05. 5-А клас. Українська мова (2026-2027),ACTIVE,Середня школа
867376604112,05. 5 клас. Екстернат (2026-2027),ACTIVE,Екстернат
867335860978,04. 4-Г Інформатика (2026-2027),ACTIVE,Початкова школа
867335589149,04. 4-А Англійська мова (2026-2027),ACTIVE,Початкова школа
867335109249,04. 4-Г клас (2026-2027),ACTIVE,Початкова школа
867335907947,04. 4-В Інформатика (2026-2027),ACTIVE,Початкова школа
867336436019,04. 4-В Англійська мова (2026-2027),ACTIVE,Початкова школа
867336386177,04. 4-В клас (2026-2027),ACTIVE,Початкова школа
867336251785,04. 4-Б Інформатика (2026-2027),ACTIVE,Початкова школа
867335850617,04. 4-Б Англійська мова (2026-2027),ACTIVE,Початкова школа
867334808154,04. 4-Б клас (2026-2027),ACTIVE,Початкова школа
798125542813,04. 4-А Інформатика (2026-2027),ACTIVE,Початкова школа
867335080770,04. 4-Г Англійська мова (2026-2027),ACTIVE,Початкова школа
867336332385,04. 4-А клас (2026-2027),ACTIVE,Початкова школа
867331417458,02. 2-В Англійська мова (2026-2027),ACTIVE,Початкова школа
867324295576,03. 03 клас. Екстернат (2026-2027),ACTIVE,Екстернат
867317060340,03. 3-Г Інформатика (2026-2027),ACTIVE,Початкова школа
798124355764,03. 3-Г Англійська мова (2026-2027),ACTIVE,Початкова школа
867324504631,03. 3-Г клас (2026-2027),ACTIVE,Початкова школа
867323263592,03. 3-В Інформатика (2026-2027),ACTIVE,Початкова школа
867323939549,03. 3-В Англійська мова (2026-2027),ACTIVE,Початкова школа
867322809643,03. 3-В клас (2026-2027),ACTIVE,Початкова школа
867324393329,03. 3-Б Інформатика (2026-2027),ACTIVE,Початкова школа
867323305345,03. 3-Б Англійська мова (2026-2027),ACTIVE,Початкова школа
867323419328,03. 3-Б клас (2026-2027),ACTIVE,Початкова школа
867324738824,03. 3-А Інформатика (2026-2027),ACTIVE,Початкова школа
867324181198,03. 3-А Англійська мова (2026-2027),ACTIVE,Початкова школа
867323697954,03. 3-А клас (2026-2027),ACTIVE,Початкова школа
867312800722,04. 04 клас. Екстернат (2026-2027),ACTIVE,Екстернат
867272231020,02. 2-Г Англійська мова (2026-2027),ACTIVE,Початкова школа
867271652276,02. 2-В клас (2026-2027),ACTIVE,Початкова школа
867270615070,02. 2-Г клас (2026-2027),ACTIVE,Початкова школа
867271980954,02. 2-Б Англійська мова (2026-2027),ACTIVE,Початкова школа
867271596986,02. 2-А клас (2026-2027),ACTIVE,Початкова школа
867271144756,02. 2-А Англійська мова (2026-2027),ACTIVE,Початкова школа
867271054907,02. 2-Б клас (2026-2027),ACTIVE,Початкова школа
867270049349,01. 1-Г клас. НУШ (2026-2027),ACTIVE,Початкова школа
867270096376,01. 1-Г клас. Англійська мова (2026-2027),ACTIVE,Початкова школа
867270052567,01. 01 клас. Екстернат (2026-2027),ACTIVE,Екстернат
867268618041,02. 02 клас. Екстернат (2026-2027),ACTIVE,Екстернат
867267818221,01. 1-В клас. НУШ (2026-2027),ACTIVE,Початкова школа
867269784292,01. 1-Б клас. НУШ (2026-2027),ACTIVE,Початкова школа
867269734400,01. 1-Б клас. Англійська мова (2026-2027),ACTIVE,Початкова школа
867269419571,01. 1-А клас. Англійська мова (2026-2027),ACTIVE,Початкова школа
867269348958,01. 1-А клас. НУШ (2026-2027),ACTIVE,Початкова школа
