id,name,section,enrollmentCode
826406238093,6-А індивідуальне,Українська мова,l3qtn3ds
877927511493,3-А,Екстернат,dswr46re
877849531298,7,,zhea6waj
877577658399,Охремова Ірина,"Інтегрований курс ""Географія - Пізнаємо природу""",kafafwkt
871402899495,01. 1-В клас. Англійська мова,Початкова школа,mwnj6tda
871398631604,"05. 5-Г клас. Здоров'я, безпека та добробут",Середня школа,bhzdplje
871399331050,"05. 5-В клас. Здоров'я, безпека та добробут",Середня школа,mnz3vpf5
871398781345,"05. 5-Б клас. Здоров'я, безпека та добробут",Середня школа,3tdkdx6c
867792325184,11. 11-Б клас. Основи християнської етики (2026-2027),,mmfn6khu
867776443513,11. 11-Б клас. Фізична культура (2026-2027),,66echmxe
867791530436,11. 11-Б клас. Технології (2026-2027),,hgrnvopx
867792512225,11. 11-Б клас. Захист України (2026-2027),,v26dv7qu
867792466333,11. 11-Б клас. Мистецтво (2026-2027),,dlwgwdeh
867791354337,11. 11-Б клас. Хімія (2026-2027),,h2ell2bp
867787422615,11. 11-Б клас. Інформатика (2026-2027),,jsvvnw5i
867786158258,11. 11-Б клас. Фізика і астрономія (2026-2027),,cpzpiy6x
867792390116,11. 11-Б клас. Географія (2026-2027),,4r25e4he
867789515128,11. 11-Б клас. Біологія і екологія (2026-2027),,r6xjggqh
867791538027,11. 11-Б клас. Геометрія (2026-2027),,rhijwxkr
867791303619,11. 11-Б клас. Алгебра і початки аналізу (2026-2027),,nea6iffo
867790497516,11. 11-Б клас. Всесвітня історія (2026-2027),,segca7oh
867792694890,11. 11-Б клас. Історія України (2026-2027),,ec6keuqf
867792329764,11. 11-Б клас. Друга іноземна мова (Німецька) (2026-2027),,tazmc6em
867792218267,11. 11-Б клас. Зарубіжна література (2026-2027),,rsfeepm7
867792397764,11. 11-Б клас. Англійська мова (2026-2027),,gtcsb64g
867791909915,11. 11-Б клас. Українська література (2026-2027),,qrq46gvo
867792025334,11. 11-Б клас. Українська мова (2026-2027),,yuoq6ug6
867787301544,11. 11-А клас. Основи християнської етики (2026-2027),,jkh7w5oy
867791624784,11. 11-А клас. Захист України (2026-2027),,av2me3bz
867792445913,11. 11-А клас. Технології (2026-2027),,xyjmevee
867782037931,11. 11-А клас. Фізична культура (2026-2027),,7omvh6nh
867791302502,11. 11-А клас. Мистецтво (2026-2027),,fmmfi35j
867792998373,11. 11-А клас. Хімія (2026-2027),,jmyi4r6q
867792280805,11. 11-А клас. Інформатика (2026-2027),,hdxr47l3
867792294551,11. 11-А клас. Фізика і астрономія (2026-2027),,h3s3wd7s
798183908153,11. 11-А клас. Географія (2026-2027),,zst54tqz
867792832358,11. 11-А клас. Біологія і екологія (2026-2027),,arulahed
867792707565,11. 11-А клас. Всесвітня історія (2026-2027),,dnmghxgv
867791719550,11. 11-А клас. Історія України (2026-2027),,a6vupuzp
867791520651,11. 11-А клас. Алгебра і початки аналізу (2026-2027),,exib4ak2
867792293789,11. 11-А клас. Геометрія (2026-2027),,rtsp5j33
867792241222,11. 11-А клас. Друга іноземна мова (Німецька) (2026-2027),,pgproryi
867792392529,11. 11-А клас. Зарубіжна література (2026-2027),,z3isuddm
867790850960,11. 11-А клас. Українська література (2026-2027),,6vqbhsdv
867792694872,11. 11-А клас. Англійська мова (2026-2027),,ere65sph
855108993330,11. 11-А клас. Українська мова (2026-2027),,rp3n5o7q
867788491430,10. 10-Б клас. Основи християнської етики (2026-2027),,xo6kfic3
867787356263,10. 10-Б клас. Фізична культура (2026-2027),,3tvdvhfh
798183738162,10. 10-Б клас. Технології (2026-2027),,dvgevnx6
867791525815,10. 10-Б клас. Захист України (2026-2027),,sayrnjak
867790940760,10. 10-Б клас. Мистецтво (2026-2027),,vvxweb7w
867791878062,10. 10-Б клас. Інформатика (2026-2027),,fezlouly
867791896554,10. 10-Б клас. Фізика і астрономія (2026-2027),,jr44lobh
867791868755,10. 10-Б клас. Хімія (2026-2027),,bi67sswt
867791238867,10. 10-Б клас. Географія (2026-2027),,v6v2f4dz
867790932150,10. 10-Б клас. Біологія і екологія (2026-2027),,7y4siccj
867791515699,10. 10-Б клас. Геометрія (2026-2027),,3llfqinz
867786558104,10. 10-Б клас. Всесвітня історія (2026-2027),,ylohbqbo
867791699335,10. 10-Б клас. Громадянська освіта (2026-2027),,azeurwkc
855107124035,10. 10-Б клас. Алгебра і початки аналізу (2026-2027),,eshsyd52
867791639748,10. 10-Б клас. Історія України (2026-2027),,etfrgd2b
867791474986,10. 10-Б клас. Друга іноземна мова (Німецька) (2026-2027),,yymhxjss
855108478485,10. 10-Б клас. Англійська мова (2026-2027),,52s2jjy7
855108481032,10. 10-Б клас. Зарубіжна література (2026-2027),,jpvd6wil
867790761171,10. 10-Б клас. Українська мова (2026-2027),,5juzmgns
867790687363,10. 10-Б клас. Українська література (2026-2027),,c3ulpo74
867791106811,10. 10-А клас. Основи християнської етики (2026-2027),,4ko4bau4
867791266939,10. 10-А клас. Фізична культура (2026-2027),,t7klyled
867791081197,10. 10-А клас. Захист України (2026-2027),,j7nhpl6q
867791089003,10. 10-А клас. Мистецтво (2026-2027),,s3g4qy6m
867791528421,10. 10-А клас. Технології (2026-2027),,zfjuyzga
867790621903,10. 10-А клас. Інформатика (2026-2027),,z4wwauqi
867791095498,10. 10-А клас. Фізика і астрономія (2026-2027),,7q2mjwk3
798183670601,10. 10-А клас. Біологія і екологія (2026-2027),,e6hwdlkp
867791919424,10. 10-А клас. Географія (2026-2027),,pnknvhz6
867791829313,10. 10-А клас. Хімія (2026-2027),,kio2fgo4
867791691567,10. 10-А клас. Геометрія (2026-2027),,vbgoujng
867791766992,10. 10-А клас. Громадянська освіта (2026-2027),,ljfl6nab
867788420133,10. 10-А клас. Всесвітня історія (2026-2027),,f5qxnxyr
867790815457,10. 10-А клас. Алгебра і початки аналізу (2026-2027),,6ueqxpmo
855108187955,10. 10-А клас. Історія України (2026-2027),,h7uwhzp7
867792030673,10. 10-А клас. Зарубіжна література (2026-2027),,232akjfz
867780430734,10. 10-А клас. Українська мова (2026-2027),,p3nclqoz
867791165939,10. 10-А клас. Українська література (2026-2027),,hrpqxpur
798183844970,10. 10-А клас. Англійська мова (2026-2027),,vrosmf4g
867791100584,10. 10-А клас. Друга іноземна мова (Німецька) (2026-2027),,ij7avdha
867776937557,10. 10 клас. Екстернат (2026-2027),,cizgmo3z
867789158503,11. 11 клас. Екстернат (2026-2027),,hpwlgqb7
867782160104,09. 9-Г клас. Фізична культура (2026-2027),,zlyd44f6
867785655043,09. 9-Г клас. Основи християнської етики (2026-2027),,2ehd2wxn
867786686257,09. 9-Г клас. Здоров'я безпека та добробут (2026-2027),,3ad6erym
867785809092,09. 9-Г клас. Технології (2026-2027),,5zo34acb
867787075409,09. 9-Г клас. Мистецтво (2026-2027),,ialpngfc
867786926822,09. 9-Г клас. Інформатика (2026-2027),,hvlo6ghh
867786590550,09. 9-Г клас. Фізика (2026-2027),,mqd2uolo
867786213276,09. 9-Г клас. Географія (2026-2027),,ofeot6bz
867787145512,09. 9-Г клас. Хімія (2026-2027),,ji7javuq
867786993926,09. 9-Г клас. Біологія (2026-2027),,abmlmn4c
867785963184,09. 9-Г клас. Геометрія (2026-2027),,dzzzveuv
867786306662,09. 9-Г клас. Алгебра (2026-2027),,stlb5igu
867785936205,09. 9-Г клас. Всесвітня історія (2026-2027),,getmzopg
867777141608,09. 9-Г клас. Основи правознавства (2026-2027),,ufhx4427
867786853992,09. 9-Г клас. Історія України (2026-2027),,z3inxbch
867787201201,09. 9-Г клас. Друга іноземна мова (Німецька) (2026-2027),,afgp5lj3
867787487737,09. 9-Г клас. Англійська мова (2026-2027),,onlk422b
867786775622,09. 9-Г клас. Українська мова (2026-2027),,evhmhyhf
867786374553,09. 9-Г клас. Українська література (2026-2027),,brsi3mqj
867785784611,09. 9-Г клас. Зарубіжна література (2026-2027),,26jvku3t
867787101828,09. 9-В клас. Основи християнської етики (2026-2027),,ej4wabc3
867782160083,09. 9-В клас. Фізична культура (2026-2027),,u5wm5lrf
867787509567,09. 9-В клас. Здоров'я безпека та добробут (2026-2027),,5t327fhq
867787323494,09. 9-В клас. Технології (2026-2027),,pbzi2dxf
867786249893,09. 9-В клас. Мистецтво (2026-2027),,7q5asx5b
867786788433,09. 9-В клас. Інформатика (2026-2027),,sorpca73
867787176480,09. 9-В клас. Хімія (2026-2027),,n3lohy6y
867786375734,09. 9-В клас. Фізика (2026-2027),,n3aiojwa
867784872034,09. 9-В клас. Біологія (2026-2027),,6gdedtp4
867786828855,09. 9-В клас. Географія (2026-2027),,uwdpse7k
867786086158,09. 9-В клас. Геометрія (2026-2027),,psvwzzyi
867786289446,09. 9-В клас. Алгебра (2026-2027),,gayytijx
867787227627,09. 9-В клас. Основи правознавства (2026-2027),,5rjxs7ky
867787104336,09. 9-В клас. Історія України (2026-2027),,hu7uol7p
798182730924,09. 9-В клас. Всесвітня історія (2026-2027),,zqh3iksk
867786244043,09. 9-В клас. Друга іноземна мова (Німецька) (2026-2027),,ibwboi3s
867787083726,09. 9-В клас. Англійська мова (2026-2027),,6rsub4tv
867783488698,09. 9-В клас. Зарубіжна література (2026-2027),,x25kez3s
867786997803,09. 9-В клас. Українська мова (2026-2027),,xx7iyj5v
867786895917,09. 9-В клас. Українська література (2026-2027),,5cdgxlyi
867787178745,09. 9-Б клас. Основи християнської етики (2026-2027),,b2un2egg
867786496575,09. 9-Б клас. Фізична культура (2026-2027),,4yh53zjh
867786000656,09. 9-Б клас. Технології (2026-2027),,oxrbdpro
867785486255,09. 9-Б клас. Мистецтво (2026-2027),,tlp67ean
867786786402,09. 9-Б клас. Здоров'я безпека та добробут (2026-2027),,2z2hnooj
867787578814,09. 9-Б клас. Хімія (2026-2027),,35mehwyd
867786773337,09. 9-Б клас. Інформатика (2026-2027),,g5jlv46m
867785721891,09. 9-Б клас. Фізика (2026-2027),,6sdczyby
867776422164,09. 9-Б клас. Біологія (2026-2027),,xb4xfkab
798182757897,09. 9-Б клас. Географія (2026-2027),,x7oblh4t
867786358395,09. 9-Б клас. Геометрія (2026-2027),,n4rpwbdd
867787218389,09. 9-Б клас. Алгебра (2026-2027),,nttxbfpv
867786283682,09. 9-Б клас. Всесвітня історія (2026-2027),,vutajkyf
867786884316,09. 9-Б клас. Історія України (2026-2027),,5nfi77f2
867786418185,09. 9-Б клас. Основи правознавства (2026-2027),,jph3nuyn
867778951804,09. 9-Б клас. Друга іноземна мова (Німецька) (2026-2027),,eboa3ino
867787078413,09. 9-Б клас. Українська література (2026-2027),,f2ehmfqr
867787238281,09. 9-Б клас. Зарубіжна література (2026-2027),,otoj32y3
867786392178,09. 9-Б клас. Англійська мова (2026-2027),,nsiqmdjx
867786590511,09. 9-Б клас. Українська мова (2026-2027),,7kkrdt3v
867786003267,09. 9-А клас. Фізична культура (2026-2027),,uahlflfa
867787200754,09. 9-А клас. Основи християнської етики (2026-2027),,h64lxca5
867785609614,09. 9-А клас. Здоров'я безпека та добробут (2026-2027),,oci5x753
867783897968,09. 9-А клас. Технології (2026-2027),,4c6xfeqz
867786626279,09. 9-А клас. Мистецтво (2026-2027),,akkc72s6
867786796019,09. 9-А клас. Інформатика (2026-2027),,cxu4yu5j
867786849851,09. 9-А клас. Хімія (2026-2027),,wionston
867786686999,09. 9-А клас. Біологія (2026-2027),,thdb6tph
867787010260,09. 9-А клас. Фізика (2026-2027),,akcffrbw
867785549520,09. 9-А клас. Географія (2026-2027),,2htrhdjg
867786318073,09. 9-А клас. Всесвітня історія (2026-2027),,lf7t56pa
867786632646,09. 9-А клас. Історія України (2026-2027),,wcy7nrqe
867786784658,09. 9-А клас. Алгебра (2026-2027),,qmeqx7wo
867786492937,09. 9-А клас. Основи правознавства (2026-2027),,kuj3r2fn
867786468876,09. 9-А клас. Геометрія (2026-2027),,46yf4x3w
798182761202,09. 9-А клас. Українська мова (2026-2027),,pjysncxd
867781819138,09. 9-А клас. Українська література (2026-2027),,kecin47z
867787147226,09. 9-А клас. Друга іноземна мова (Німецька) (2026-2027),,csaiovea
867786127462,09. 9-А клас. Англійська мова (2026-2027),,nlkslict
867786402913,09. 9-А клас. Зарубіжна література (2026-2027),,yvekvyl5
867785971111,09. 9 клас. Екстернат (2026-2027),,as2hkkzv
867774223740,08. 8-Г клас. Основи християнської етики (2026-2027),,vvyftqt5
867773305349,08. 8-Г клас. Фізична культура (2026-2027),,os6iu2td
867772181521,08. 8-Г клас. Здоров'я безпека та добробут (2026-2027),,5uizxwf4
867774182736,08. 8-Г клас. Технології (2026-2027),,nuuhsxd7
867774122525,08. 8-Г клас. Мистецтво (2026-2027),,5godnwvt
867773924931,08. 8-Г клас. Інформатика (2026-2027),,rgya7vlp
867771594798,08. 8-Г клас. Хімія (2026-2027),,apk5ibh7
867773940405,08. 8-Г клас. Фізика (2026-2027),,caferzi3
867774483586,08. 8-Г клас. Географія (2026-2027),,jur4gpfe
855102311558,08. 8-Г клас. Біологія (2026-2027),,akjbb2dm
867773139942,08. 8-Г клас. Алгебра (2026-2027),,w7guwgjk
867773944734,08. 8-Г клас. Геометрія (2026-2027),,dyrbqkyv
867774054220,08. 8-Г клас. Всесвітня історія (2026-2027),,yxz6osri
867773065413,08. 8-Г клас. Друга іноземна мова (Німецька) (2026-2027),,ljptu5az
855102447799,08. 8-Г клас. Історія України (2026-2027),,6cctywxt
867772127240,08. 8-Г клас. Англійська мова (2026-2027),,qmysi54y
867773975059,08. 8-Г клас. Зарубіжна література (2026-2027),,mtqxfba4
867774302044,08. 8-Г клас. Українська література (2026-2027),,af27izfj
867773633196,08. 8-Г клас. Українська мова (2026-2027),,lgmenjcb
867774361523,08. 8-В клас. Здоров'я безпека та добробут (2026-2027),,bo5gzaen
867774101037,08. 8-В клас. Основи християнської етики (2026-2027),,dbwxvskl
867773856296,08. 8-В клас. Фізична культура (2026-2027),,ydnqq6te
855102224542,08. 8-В клас. Технології (2026-2027),,vltb23dl
867774095517,08. 8-В клас. Мистецтво (2026-2027),,legfeimm
867773792680,08. 8-В клас. Інформатика (2026-2027),,fd5yoaoj
867774137225,08. 8-В клас. Хімія (2026-2027),,o32aybxt
867773120448,08. 8-В клас. Фізика (2026-2027),,w6sdv6zt
867762876220,08. 8-В клас. Біологія (2026-2027),,x5k2pzmi
867773901538,08. 8-В клас. Географія (2026-2027),,h2aywmwe
867774176939,08. 8-В клас. Алгебра (2026-2027),,y7zxuiu4
867772725310,08. 8-В клас. Геометрія (2026-2027),,kf43lvzi
867769660591,08. 8-В клас. Історія України (2026-2027),,wnma4brf
867774030578,08. 8-В клас. Друга іноземна мова (Німецька) (2026-2027),,4uedohop
867773979149,08. 8-В клас. Всесвітня історія (2026-2027),,optaj5vm
867774280674,08. 8-В клас. Англійська мова (2026-2027),,tjeocsjs
867772403716,08. 8-В клас. Зарубіжна література (2026-2027),,7xkgbjho
867773801949,08. 8-В клас. Українська мова (2026-2027),,z6u74jme
867774106412,08. 8-В клас. Українська література (2026-2027),,iczv22l2
867773278506,08. 8-Б клас. Основи християнської етики (2026-2027),,gduvcqyu
867773988532,08. 8-Б клас. Здоров'я безпека та добробут (2026-2027),,dtwt74mn
867774166476,08. 8-Б клас. Фізична культура (2026-2027),,7zp2ltao
867774185813,08. 8-Б клас. Технології (2026-2027),,ra5zgqzl
867773948610,08. 8-Б клас. Мистецтво (2026-2027),,zj5xplhk
867773579251,08. 8-Б клас. Фізика (2026-2027),,wk2utvu3
867773683352,08. 8-Б клас. Інформатика (2026-2027),,74wxac34
867773980942,08. 8-Б клас. Хімія (2026-2027),,eo5gilqc
867773751988,08. 8-Б клас. Географія (2026-2027),,s6pxfvdh
867774242927,08. 8-Б клас. Біологія (2026-2027),,e4bi5mdj
867764268251,08. 8-Б клас. Геометрія (2026-2027),,sypjmtgr
867772282143,08. 8-Б клас. Алгебра (2026-2027),,rcrbghvl
867773315325,08. 8-Б клас. Всесвітня історія (2026-2027),,b6z22zkl
867773261198,08. 8-Б клас. Друга іноземна мова (Німецька) (2026-2027),,djuwczdt
867773742881,08. 8-Б клас. Англійська мова (2026-2027),,gkxuuywv
867773366118,08. 8-Б клас. Історія України (2026-2027),,qo3nt37t
867773160529,08. 8-Б клас. Українська література (2026-2027),,syyym4vw
867773585772,08. 8-Б клас. Зарубіжна література (2026-2027),,7p3kqffj
867772849093,08. 8-Б клас. Українська мова (2026-2027),,3242strf
867772403705,08. 8-А клас. Основи християнської етики (2026-2027),,dilj7z57
867773945053,08. 8-А клас. Технології (2026-2027),,f42hxpjy
867773696159,08. 8-А клас. Фізична культура (2026-2027),,qvaufecm
867773485997,08. 8-А клас. Здоров'я безпека та добробут (2026-2027),,gj2lh3mi
867773732275,08. 8-А клас. Фізика (2026-2027),,pjrql32s
867774011839,08. 8-А клас. Хімія (2026-2027),,mpmitg3g
867773267059,08. 8-А клас. Мистецтво (2026-2027),,oy2tzhgq
867773937691,08. 8-А клас. Інформатика (2026-2027),,dxwqid7p
867773661733,08. 8-А клас. Географія (2026-2027),,dks3xzoz
867773833954,08. 8-А клас. Алгебра (2026-2027),,izru7zml
867774191529,08. 8-А клас. Біологія (2026-2027),,jg5zups2
867773763500,08. 8-А клас. Історія України (2026-2027),,kggtwbud
867770411183,08. 8-А клас. Геометрія (2026-2027),,4fscrkdd
867774045136,08. 8-А клас. Всесвітня історія (2026-2027),,ztrxgul4
867773065393,08. 8-А клас. Англійська мова (2026-2027),,qut62ti6
867773510080,08. 8-А клас. Українська література (2026-2027),,7epf23fy
867772365413,08. 8-А клас. Українська мова (2026-2027),,g6sx4bfq
867773702884,08. 8-А клас. Друга іноземна мова (Німецька) (2026-2027),,3v4tvsy3
867766353367,08. 8-А клас. Зарубіжна література (2026-2027),,ojbkzgcf
867773165375,08. 8 клас. Екстернат (2026-2027),,ngruzjnw
867772213059,07. 7-Г клас. Основи християнської етики (2026-2027),,34ge7noe
867772093943,07. 7-Г клас. Фізична культура (2026-2027),,nxnqjrzr
867771801761,07. 7-Г клас. Здоров'я безпека та добробут (2026-2027),,nvojv32g
867772530601,07. 7-Г клас. Технології (2026-2027),,4tf6emed
867772006510,07. 7-Г клас. Мистецтво (2026-2027),,n75nbo3e
867772226483,07. 7-Г клас. Інформатика (2026-2027),,4cycldqe
867767778417,07. 7-Г клас. Біологія (2026-2027),,7q7c76qo
867771932205,07. 7-Г клас. Хімія (2026-2027),,5shqjx5i
867770643194,07. 7-Г клас. Географія (2026-2027),,wqbcnlup
867771865038,07. 7-Г клас. Геометрія (2026-2027),,rdqgwixh
867772032491,07. 7-Г клас. Фізика (2026-2027),,k6v5j4fd
867770765403,07. 7-Г клас. Англійська мова (2026-2027),,w56hs6vx
867772037425,07. 7-Г клас. Друга іноземна мова (Німецька) (2026-2027),,r23i2gxg
867772282508,07. 7-Г клас. Історія України (2026-2027),,4rs7shyg
867761751478,07. 7-Г клас. Алгебра (2026-2027),,wpzmve7a
867772300924,07. 7-Г клас. Всесвітня історія (2026-2027),,3jg73bbu
867772195129,07. 7-В клас. Основи християнської етики (2026-2027),,j6ndpog6
867772335332,07. 7-Г клас. Українська література (2026-2027),,spxw56e6
867771961556,07. 7-Г клас. Зарубіжна література (2026-2027),,yy5e7ual
867772659527,07. 7-В клас. Фізична культура (2026-2027),,rrrx5hib
867772478043,07. 7-Г клас. Українська мова (2026-2027),,rldmscwu
867772271550,07. 7-В клас. Здоров'я безпека та добробут (2026-2027),,momuptwm
867772249767,07. 7-В клас. Технології (2026-2027),,lfv7ymxl
867770214307,07. 7-В клас. Мистецтво (2026-2027),,ykdp2ldi
867772520131,07. 7-В клас. Інформатика (2026-2027),,vn5idd5l
867762293242,07. 7-В клас. Хімія (2026-2027),,6z27jzrg
867772040803,07. 7-В клас. Фізика (2026-2027),,75eaqtqv
867772443970,07. 7-В клас. Географія (2026-2027),,4ykioh4q
867772282498,07. 7-В клас. Алгебра (2026-2027),,o4l2b5f7
867772474258,07. 7-В клас. Геометрія (2026-2027),,ioreuhit
867770532281,07. 7-В клас. Біологія (2026-2027),,uzd7zjuv
867772184112,07. 7-В клас. Всесвітня історія (2026-2027),,fi2thzyz
867771747125,07. 7-В клас. Історія України (2026-2027),,uaxyeqrm
867771265637,07. 7-В клас. Друга іноземна мова (Німецька) (2026-2027),,mnnqgdhc
867772642609,07. 7-В клас. Зарубіжна література (2026-2027),,tgcelbqp
867772270691,07. 7-В клас. Англійська мова (2026-2027),,xxpvn5in
867771834445,07. 7-В клас. Українська література (2026-2027),,r2gribyq
867771800839,07. 7-Б клас. Фізична культура (2026-2027),,fbtvlk3p
867771654436,07. 7-Б клас. Основи християнської етики (2026-2027),,ziwxca3v
867769655812,07. 7-В клас. Українська мова (2026-2027),,v35vdicc
867771470566,07. 7-Б клас. Здоров'я безпека та добробут (2026-2027),,5hb6jty4
867771078806,07. 7-Б клас. Мистецтво (2026-2027),,iztcexxv
867772180108,07. 7-Б клас. Технології (2026-2027),,paznn7o3
867772317982,07. 7-Б клас. Інформатика (2026-2027),,iktrt4pw
867771860554,07. 7-Б клас. Хімія (2026-2027),,smj3scsz
867771913607,07. 7-Б клас. Фізика (2026-2027),,rhaojump
867772389535,07. 7-Б клас. Всесвітня історія (2026-2027),,y2xmekel
867768967194,07. 7-Б клас. Геометрія (2026-2027),,4ow5uis3
867772375837,07. 7-Б клас. Алгебра (2026-2027),,4aq6mj32
867770234674,07. 7-Б клас. Біологія (2026-2027),,bpnqcogl
867771022512,07. 7-Б клас. Географія (2026-2027),,slbxweab
867770967420,07. 7-Б клас. Друга іноземна мова (Німецька) (2026-2027),,njpgjsxw
867770573684,07. 7-Б клас. Історія України (2026-2027),,3n56mavg
867772300908,07. 7-Б клас. Англійська мова (2026-2027),,rkv3vwp2
798179972721,07. 7-Б клас. Зарубіжна література (2026-2027),,bjncex3n
867771996617,07. 7-Б клас. Українська література (2026-2027),,hyvf4tkq
867772395274,07. 7-Б клас. Українська мова (2026-2027),,pzso3xmq
867772249264,07. 7-А клас. Основи християнської етики (2026-2027),,6vktj5cv
867772322007,07. 7-А клас. Здоров'я безпека та добробут (2026-2027),,44yvee63
867771845048,07. 7-А клас. Фізична культура (2026-2027),,lusvwk3i
867772226880,07. 7-А клас. Технології (2026-2027),,fpc5cyc2
867771941933,07. 7-А клас. Фізика (2026-2027),,ncdktcom
867772250945,07. 7-А клас. Мистецтво (2026-2027),,7c557it6
867771778996,07. 7-А клас. Хімія (2026-2027),,fbigulr7
867772359839,07. 7-А клас. Інформатика (2026-2027),,qelydw5l
867771237384,07. 7-А клас. Географія (2026-2027),,zwn26ztl
867765734795,07. 7-А клас. Геометрія (2026-2027),,dkm7hqwr
867771696994,07. 7-А клас. Біологія (2026-2027),,divse3jp
867771753776,07. 7-А клас. Всесвітня історія (2026-2027),,5dlgt7k3
867772416483,07. 7-А клас. Історія України (2026-2027),,mwbmv2wj
867772691200,07. 7-А клас. Алгебра (2026-2027),,hgogeb5u
867772479478,07. 7-А клас. Англійська мова (2026-2027),,f2xxfxya
867772051115,07. 7-А клас. Українська література (2026-2027),,lo6o4imt
867754393159,07. 7-А клас. Зарубіжна література (2026-2027),,e5dtyz6s
798180293763,07. 7-А клас. Друга іноземна мова (Німецька) (2026-2027),,fogy342o
867772402658,07. 7-А клас. Українська мова (2026-2027),,263kjet6
867772427865,07. 7 клас. Екстернат (2026-2027),,7vclsr5c
867762797896,06. 6-Г клас. Математика (2026-2027),,zg2bq5bv
867763366407,06. 6-Г клас. Українська мова (2026-2027),,xmap25y7
867763715491,06. 6-Г клас. Англійська мова (Гр. 2) (2026-2027),,wlliok6e
798178933434,06. 6-Г клас. Англійська мова (Гр. 1) (2026-2027),,42uoiizi
867762116767,06. 6-Г клас. Українська література (2026-2027),,dpyq6mvs
867762729989,06. 6-Г клас. Історія України. Всесвітня історія (2026-2027),,e4xnldin
867762999863,06. 6-Г клас. Географія (2026-2027),,2qt7x4r2
867763686035,06. 6-Г клас. Зарубіжна література (2026-2027),,r2m26lsz
867763210300,06. 6-Г клас. Пізнаємо природу (2026-2027),,gu5wxplz
867763725434,06. 6-Г клас. Інформатика (Гр. 1) (2026-2027),,arzetocm
867762791806,06. 6-Г клас. Технології (Трудове) (Гр. 1) (2026-2027),,nefbnbfe
867763359013,06. 6-Г клас. Інформатика (Гр. 2) (2026-2027),,ccpjzw6d
867741511686,06. 6-Г клас. Физична культура (2026-2027),,dsdxjlx5
867763399459,06. 6-Г клас. Технології (Трудове) (Гр. 2) (2026-2027),,oz2e4bhh
867763357503,06. 6-Г клас. Мистецтво (2026-2027),,dekyeaz7
867763748582,06. 6-Г клас. Друга мова (Польська) (Гр. 1) (2026-2027),,7i5t5ai2
867763215828,06. 6-Г клас. Логіка (2026-2027),,smjfyylg
867762079910,06. 6-Г клас. Друга мова (Польська) (Гр. 2) (2026-2027),,ms6bzgvs
867762936779,06. 6-Г клас. Основи християнської етики (2026-2027),,hmmebfwu
798179020268,06. 6-В клас. Математика (2026-2027),,d2cqx4zf
867760860680,06. 6-В клас. Українська мова (2026-2027),,e6hgr6pl
867763730143,06. 6-В клас. Англійська мова (Гр. 2) (2026-2027),,2ifivaon
867762429077,06. 6-В клас. Англійська мова (Гр. 1) (2026-2027),,ajrgol7p
867763038604,06. 6-В клас. Українська література (2026-2027),,36rmw2sj
867763072279,06. 6-В клас. Історія України. Всесвітня історія (2026-2027),,u7oxobsv
867762902234,06. 6-В клас. Географія (2026-2027),,3smpaku6
867762495288,06. 6-В клас. Зарубіжна література (2026-2027),,ec3e3de5
867763047529,06. 6-В клас. Пізнаємо природу (2026-2027),,l23pvtff
798179101024,06. 6-В клас. Інформатика (Гр. 1) (2026-2027),,oelzdnav
867763521859,06. 6-В клас. Технології (Трудове) (Гр. 1) (2026-2027),,ioeca4cj
798179110978,06. 6-В клас. Інформатика (Гр. 2) (2026-2027),,wrqb7c3q
867762898271,06. 6-В клас. Физична культура (2026-2027),,q5dc4eq2
867763692659,06. 6-В клас. Технології (Трудове) (Гр. 2) (2026-2027),,umabj5kd
867762797851,06. 6-В клас. Мистецтво (2026-2027),,uai4ujno
867763314845,06. 6-В клас. Друга мова (Польська) (Гр. 1) (2026-2027),,2bxgen6j
867762614695,06. 6-В клас. Логіка (2026-2027),,wpwve5t5
867763212206,06. 6-В клас. Друга мова (Польська) (Гр. 2) (2026-2027),,jy6kjuxa
867763549591,06. 6-В клас. Основи християнської етики (2026-2027),,xleulwbl
867763058851,06. 6-Б клас. Математика (2026-2027),,5bivavyh
867763645074,06. 6-Б клас. Українська мова (2026-2027),,pbjzw624
798179126950,06. 6-Б клас. Англійська мова (Гр. 2) (2026-2027),,y3edpcdm
867763811471,06. 6-Б клас. Англійська мова (Гр. 1) (2026-2027),,sm3jxnwb
867763065545,06. 6-Б клас. Українська література (2026-2027),,hsqe37aa
867761949865,06. 6-Б клас. Історія України. Всесвітня історія (2026-2027),,snpjiw6t
867763619384,06. 6-Б клас. Географія (2026-2027),,lz2kedhm
867763175510,06. 6-Б клас. Зарубіжна література (2026-2027),,dh3pxc7y
867759717100,06. 6-Б клас. Пізнаємо природу (2026-2027),,gbe5uaal
867761765359,06. 6-Б клас. Інформатика (Гр. 1) (2026-2027),,zqhbrgh7
867762809146,06. 6-Б клас. Технології (Трудове) (Гр. 1) (2026-2027),,mhqx2gn6
867761126257,06. 6-Б клас. Інформатика (Гр. 2) (2026-2027),,cee63n6p
867763327529,06. 6-Б клас. Физична культура (2026-2027),,gjphxc23
867763149978,06. 6-Б клас. Технології (Трудове) (Гр. 2) (2026-2027),,ho6vavdi
867763542454,06. 6-Б клас. Мистецтво (2026-2027),,t55xhzut
867763132533,06. 6-Б клас. Друга мова (Польська) (Гр. 1) (2026-2027),,yx2et4bj
867762903270,06. 6-Б клас. Логіка (2026-2027),,vhmzplx3
867763322965,06. 6-Б клас. Друга мова (Польська) (Гр. 2) (2026-2027),,urb67i7t
867763464421,06. 6-Б клас. Основи християнської етики (2026-2027),,stxm3ujy
867762012697,05. 5-Г клас. Основи християнської етики (2026-2027),,jekn3l6j
867761841028,05. 5-Г клас. Друга мова (Польська) (Гр. 1) (2026-2027),,hiu6vqwk
867760844708,05. 5-Г клас. Фізична культура (2026-2027),,h65b5cy6
867760962116,05. 5-Г клас. Друга мова (Польська) (Гр. 2) (2026-2027),,tnnodctk
867754884409,05. 5-Г клас. Логіка (2026-2027),,rc5xfacr
867746134712,05. 5-Г клас. Мистецтво (2026-2027),,4zfkp324
867761437122,05. 5-Г клас. Технології (Трудове) (Гр. 2) (2026-2027),,khyk2xv3
867760858967,05. 5-Г клас. Інформатика (Гр. 1) (2026-2027),,x5zozq4p
867761798952,05. 5-Г клас. Інформатика (Гр. 2) (2026-2027),,4ulvkxxc
867761895101,05. 5-Г клас. Технології (Трудове) (Гр. 1) (2026-2027),,bx427fvd
867761244876,05. 5-Г клас. Англійська мова (Гр. 1) (2026-2027),,nkwljf4u
867759759596,05. 5-Г клас. Англійська мова (Гр. 2) (2026-2027),,svmbgqaw
867761958547,05. 5-Г клас. Математика (2026-2027),,e6avrhul
867760719468,05. 5-Г клас. Пізнаємо природу (2026-2027),,54kr6v4q
867759412747,05. 5-Г клас. Вступ до історії України (2026-2027),,ugmiuhpz
867761545710,05. 5-Г клас. Зарубіжна література (2026-2027),,slowwj6z
798178751900,05. 5-Г клас. Українська література (2026-2027),,4ddfgha6
867760909568,05. 5-Г клас. Українська мова (2026-2027),,l42qo7hv
867761800852,05. 5-В клас. Основи християнської етики (2026-2027),,oilreebx
867759714687,05. 5-В клас. Друга мова (Польська) (Гр. 1) (2026-2027),,q5atlvvw
867761804871,05. 5-В клас. Фізична культура (2026-2027),,dkrecoc3
867746491896,05. 5-В клас. Друга мова (Польська) (Гр. 2) (2026-2027),,pziyrqvr
867760029722,05. 5-В клас. Логіка (2026-2027),,p2w4kbes
867761865129,05. 5-В клас. Мистецтво (2026-2027),,ycoqhz2d
867761272864,05. 5-В клас. Технології (Трудове) (Гр. 2) (2026-2027),,32eccjih
867761549693,05. 5-В клас. Інформатика (Гр. 1) (2026-2027),,t6t7yopw
867761707653,05. 5-В клас. Інформатика (Гр. 2) (2026-2027),,gfj6dbbd
867759560500,05. 5-В клас. Технології (Трудове) (Гр. 1) (2026-2027),,3fqdapto
798178745507,05. 5-В клас. Англійська мова (Гр. 1) (2026-2027),,ssfmejyn
867761298427,05. 5-В клас. Англійська мова (Гр. 2) (2026-2027),,yj22cgzm
867760997113,05. 5-В клас. Математика (2026-2027),,y7nbbpd7
867762075664,05. 5-В клас. Пізнаємо природу (2026-2027),,pkw2cl7l
867761577542,05. 5-В клас. Вступ до історії України (2026-2027),,lbfdaspy
867761812408,05. 5-В клас. Зарубіжна література (2026-2027),,ey54jvki
867761220080,05. 5-В клас. Українська література (2026-2027),,g6aqm74q
867761493611,05. 5-В клас. Українська мова (2026-2027),,knp3uegt
867400251453,05. 5-Б клас. Українська мова (2026-2027),Середня школа,qqkmypdv
867399032607,05. 5-Б клас. Українська література (2026-2027),Середня школа,2gim24a5
867399197602,05. 5-Б клас. Зарубіжна література (2026-2027),Середня школа,qagqf5g7
867400128322,05. 5-Б клас. Вступ до історії України (2026-2027),Середня школа,g7anvqxy
867399599207,05. 5-Б клас. Пізнаємо природу (2026-2027),Середня школа,zagtokbj
867400215541,05. 5-Б клас. Математика (2026-2027),Середня школа,wjkgtwu4
867399230602,05. 5-Б клас. Англійська мова (Гр. 2) (2026-2027),Середня школа,76fqp2q6
867398475040,05. 5-Б клас. Англійська мова (Гр. 1) (2026-2027),Середня школа,q5e4y6mf
867400141148,05. 5-Б клас. Технології (Трудове) (Гр. 1) (2026-2027),Середня школа,i24k73ed
867388482526,05. 5-Б клас. Інформатика (Гр. 2) (2026-2027),Середня школа,5od47zdg
867400270244,05. 5-Б клас. Інформатика (Гр. 1) (2026-2027),Середня школа,hg63urrb
867379495561,05. 5-Б клас. Технології (Трудове) (Гр. 2) (2026-2027),Середня школа,kv45pyer
867400169428,05. 5-Б клас. Мистецтво (2026-2027),Середня школа,toizd3y4
867399627744,05. 5-Б клас. Логіка (2026-2027),Середня школа • Спецкурс,pdpu3m6k
867383686133,05. 5-Б клас. Друга мова (Польська) (Гр. 2) (2026-2027),Середня школа • Спецкурс,6sxmv7df
867398475024,05. 5-Б клас. Фізична культура (2026-2027),Середня школа,xzhjtpgb
867398994904,05. 5-Б клас. Друга мова (Польська) (Гр. 1) (2026-2027),Середня школа • Спецкурс,ohg74obi
867399024932,05. 5-Б клас. Основи християнської етики (2026-2027),Середня школа • Спецкурс,dbsrquhh
867395165268,06. 6-А клас. Основи християнської етики (2026-2027),Середня школа • Спецкурс,7ut2mxbn
867395279463,06. 6-А клас. Друга мова (Польська) (Гр. 2) (2026-2027),Середня школа • Спецкурс,ogdyff4i
867394993183,06. 6-А клас. Логіка (2026-2027),Середня школа • Спецкурс,vum7sobq
867394748201,06. 6 клас. Екстернат (2026-2027),Екстернат,usxmk6ar
867395053468,06. 6-А клас. Друга мова (Польська) (Гр. 1) (2026-2027),Середня школа • Спецкурс,prnx4uld
819800251319,06. 6-А клас. Мистецтво (2026-2027),Середня школа,m7y6wz4j
867395140414,06. 6-А клас. Технології (Трудове) (Гр. 2) (2026-2027),Середня школа,a2m52gmp
867395381673,06. 6-А клас. Физична культура (2026-2027),Середня школа,rrpfjiue
867395307820,06. 6-А клас. Інформатика (Гр. 2) (2026-2027),Середня школа,ch2i6q3i
867394089843,06. 6-А клас. Технології (Трудове) (Гр. 1) (2026-2027),Середня школа,odfpmkx4
867394913143,06. 6-А клас. Інформатика (Гр. 1) (2026-2027),Середня школа,kc4sb5hr
867395102557,06. 6-А клас. Пізнаємо природу (2026-2027),Середня школа,n772b7mg
867394773486,06. 6-А клас. Зарубіжна література (2026-2027),Середня школа,5mgbatvt
819800136252,06. 6-А клас. Географія (2026-2027),Середня школа,euegafxk
867395408010,06. 6-А клас. Історія України. Всесвітня історія (2026-2027),Середня школа,6pyfbj23
867395041278,06. 6-А клас. Українська література (2026-2027),Середня школа,sbqkdtpb
867395139915,06. 6-А клас. Англійська мова (Гр. 1) (2026-2027),Середня школа,zm5ewb3i
867394252832,06. 6-А клас. Англійська мова (Гр. 2) (2026-2027),Середня школа,f6j7inqh
867386203452,06. 6-А клас. Українська мова (2026-2027),Середня школа,4loopmxf
867395327327,06. 6-А клас. Математика (2026-2027),Середня школа,ezyf5y4w
867375751568,05. 5-А клас. Друга мова (Польська) (Гр. 2) (2026-2027),Середня школа • Спецкурс,adktkee5
867378521134,05. 5-А клас. Друга мова (Польська) (Гр. 1) (2026-2027),Середня школа • Спецкурс,6maw76aq
867377234839,05. 5-А клас. Логіка (2026-2027),Середня школа • Спецкурс,dxxajg23
819798666398,05. 5-А клас. Основи християнської етики (2026-2027),Середня школа • Спецкурс,47rjwx6v
867377628712,05. 5-А клас. Фізична культура (2026-2027),Середня школа,xaau6in4
819798674885,05. 5-А клас. Мистецтво (2026-2027),Середня школа,4wksmzua
867377886536,05. 5-А клас. Технології (Трудове) (Гр. 2) (2026-2027),Середня школа,xsotp4vg
867378182563,05. 5-А клас. Технології (Трудове) (Гр. 1) (2026-2027),Середня школа,wyqlpkfh
867378084948,"05. 5-А клас. Здоров’я, безпека та добробут (2026-2027)",Середня школа,uvupuzln
867376872299,05. 5-А клас. Інформатика (Гр. 2) (2026-2027),Середня школа,sotkjk2q
867374997744,05. 5-А клас. Інформатика (Гр. 1) (2026-2027),Середня школа,54dqlhh7
867377294384,05. 5-А клас. Вступ до історії України (2026-2027),Середня школа,psulftjs
867376763383,05. 5-А клас. Пізнаємо природу (2026-2027),Середня школа,dosxnpq7
819798620903,05. 5-А клас. Математика (2026-2027),Середня школа,mshroy77
867377773157,05. 5-А клас. Англійська мова (Гр. 2) (2026-2027),Середня школа,3q3vo7kf
819798717622,05. 5-А клас. Англійська мова (Гр. 1) (2026-2027),Середня школа,jxns74y3
867377831999,05. 5-А клас. Зарубіжна література (2026-2027),Середня школа,6nn5wszx
867377185388,05. 5-А клас. Українська література (2026-2027),Середня школа,2ujuchp5
867376323037,05. 5-А клас. Українська мова (2026-2027),Середня школа,hmsty2nk
867376604112,05. 5 клас. Екстернат (2026-2027),Екстернат,n3tq4v7f
867335860978,04. 4-Г Інформатика (2026-2027),Початкова школа,daqneu5m
867335589149,04. 4-А Англійська мова (2026-2027),Початкова школа,ligducad
867335109249,04. 4-Г клас (2026-2027),Початкова школа,nnptrayk
867335907947,04. 4-В Інформатика (2026-2027),Початкова школа,t5exnjo2
867336436019,04. 4-В Англійська мова (2026-2027),Початкова школа,e73hzi75
867336386177,04. 4-В клас (2026-2027),Початкова школа,jr2h7azs
867336251785,04. 4-Б Інформатика (2026-2027),Початкова школа,es4f25rj
867335850617,04. 4-Б Англійська мова (2026-2027),Початкова школа,hpaelj7w
867334808154,04. 4-Б клас (2026-2027),Початкова школа,yjmxljnr
798125542813,04. 4-А Інформатика (2026-2027),Початкова школа,tiigvwr4
867335080770,04. 4-Г Англійська мова (2026-2027),Початкова школа,gcmasw2s
867336332385,04. 4-А клас (2026-2027),Початкова школа,fybgownv
867331417458,02. 2-В Англійська мова (2026-2027),Початкова школа,hn7yaluh
867324295576,03. 03 клас. Екстернат (2026-2027),Екстернат,nnpyia5c
867317060340,03. 3-Г Інформатика (2026-2027),Початкова школа,gqkv4nsg
798124355764,03. 3-Г Англійська мова (2026-2027),Початкова школа,xpdjglfl
867324504631,03. 3-Г клас (2026-2027),Початкова школа,bj5yrlo3
867323263592,03. 3-В Інформатика (2026-2027),Початкова школа,frsm7lju
867323939549,03. 3-В Англійська мова (2026-2027),Початкова школа,p4zk3ex4
867322809643,03. 3-В клас (2026-2027),Початкова школа,yhz7rvjn
867324393329,03. 3-Б Інформатика (2026-2027),Початкова школа,n3pjkrre
867323305345,03. 3-Б Англійська мова (2026-2027),Початкова школа,my5lik2d
867323419328,03. 3-Б клас (2026-2027),Початкова школа,vt5vcb7o
867324738824,03. 3-А Інформатика (2026-2027),Початкова школа,ixahkxvg
867324181198,03. 3-А Англійська мова (2026-2027),Початкова школа,jccj3hbe
867323697954,03. 3-А клас (2026-2027),Початкова школа,alp6qydy
867312800722,04. 04 клас. Екстернат (2026-2027),Екстернат,2cer4n6y
867272231020,02. 2-Г Англійська мова (2026-2027),Початкова школа,mwfdvbmf
867271652276,02. 2-В клас (2026-2027),Початкова школа,r5cpxctc
867270615070,02. 2-Г клас (2026-2027),Початкова школа,i3rhwdbk
867271980954,02. 2-Б Англійська мова (2026-2027),Початкова школа,n6uin6cj
867271596986,02. 2-А клас (2026-2027),Початкова школа,fbeqkusg
867271144756,02. 2-А Англійська мова (2026-2027),Початкова школа,diry3mv4
867271054907,02. 2-Б клас (2026-2027),Початкова школа,wowo4efg
867270049349,01. 1-Г клас. НУШ (2026-2027),Початкова школа,d2t4b7e2
867270096376,01. 1-Г клас. Англійська мова (2026-2027),Початкова школа,5gwqug66
867270052567,01. 01 клас. Екстернат (2026-2027),Екстернат,rfo2ehci
867268618041,02. 02 клас. Екстернат (2026-2027),Екстернат,7ykmsj5c
867267818221,01. 1-В клас. НУШ (2026-2027),Початкова школа,ebdtdxrd
867269784292,01. 1-Б клас. НУШ (2026-2027),Початкова школа,irtp7xvr
867269734400,01. 1-Б клас. Англійська мова (2026-2027),Початкова школа,hz5ckbhb
867269419571,01. 1-А клас. Англійська мова (2026-2027),Початкова школа,wrzoqyn4
867269348958,01. 1-А клас. НУШ (2026-2027),Початкова школа,xpb4tyhm
